-- 1. IMÁGENES
INSERT INTO imagen (ruta_imagen) VALUES ('/images/Balon.png');
INSERT INTO imagen (ruta_imagen) VALUES ('/images/Calculadora.png');
INSERT INTO imagen (ruta_imagen) VALUES ('/images/Camara.png');
INSERT INTO imagen (ruta_imagen) VALUES ('/images/Candado.png');
INSERT INTO imagen (ruta_imagen) VALUES ('/images/Escoba.png');
INSERT INTO imagen (ruta_imagen) VALUES ('/images/Gafas.png');
INSERT INTO imagen (ruta_imagen) VALUES ('/images/Guitarra.png');
INSERT INTO imagen (ruta_imagen) VALUES ('/images/Lampara.png');
INSERT INTO imagen (ruta_imagen) VALUES ('/images/Linterna.png');
INSERT INTO imagen (ruta_imagen) VALUES ('/images/Mesa.png');
INSERT INTO imagen (ruta_imagen) VALUES ('/images/Reloj.png');
INSERT INTO imagen (ruta_imagen) VALUES ('/images/Silla.png');
INSERT INTO imagen (ruta_imagen) VALUES ('/images/Tenedor.png');
INSERT INTO imagen (ruta_imagen) VALUES ('/images/Tijeras.png');
INSERT INTO imagen (ruta_imagen) VALUES ('/images/Ventilador.png');
 
-- 2. PALABRAS
INSERT INTO palabra (id_imagen, nombre_palabra) VALUES (1, 'balon');
INSERT INTO palabra (id_imagen, nombre_palabra) VALUES (2, 'calculadora');
INSERT INTO palabra (id_imagen, nombre_palabra) VALUES (3, 'camara');
INSERT INTO palabra (id_imagen, nombre_palabra) VALUES (4, 'candado');
INSERT INTO palabra (id_imagen, nombre_palabra) VALUES (5, 'escoba');
INSERT INTO palabra (id_imagen, nombre_palabra) VALUES (6, 'gafas');
INSERT INTO palabra (id_imagen, nombre_palabra) VALUES (7, 'guitarra');
INSERT INTO palabra (id_imagen, nombre_palabra) VALUES (8, 'lampara');
INSERT INTO palabra (id_imagen, nombre_palabra) VALUES (9, 'linterna');
INSERT INTO palabra (id_imagen, nombre_palabra) VALUES (10, 'mesa');
INSERT INTO palabra (id_imagen, nombre_palabra) VALUES (11, 'reloj');
INSERT INTO palabra (id_imagen, nombre_palabra) VALUES (12, 'silla');
INSERT INTO palabra (id_imagen, nombre_palabra) VALUES (13, 'tenedor');
INSERT INTO palabra (id_imagen, nombre_palabra) VALUES (14, 'tijeras');
INSERT INTO palabra (id_imagen, nombre_palabra) VALUES (15, 'ventilador');
 
-- 3. CATEGORÍAS
INSERT INTO categoria (descripcion) VALUES ('Deportes - Objeto esférico para jugar');
INSERT INTO categoria (descripcion) VALUES ('Electrónica - Dispositivo para cálculos');
INSERT INTO categoria (descripcion) VALUES ('Electrónica - Dispositivo para capturar fotos');
INSERT INTO categoria (descripcion) VALUES ('Seguridad - Objeto para cerrar con llave');
INSERT INTO categoria (descripcion) VALUES ('Limpieza - Herramienta para barrer');
INSERT INTO categoria (descripcion) VALUES ('Óptica - Objeto para mejorar la visión');
INSERT INTO categoria (descripcion) VALUES ('Música - Instrumento de cuerdas');
INSERT INTO categoria (descripcion) VALUES ('Iluminación - Objeto para iluminar espacios');
INSERT INTO categoria (descripcion) VALUES ('Iluminación - Fuente de luz portátil');
INSERT INTO categoria (descripcion) VALUES ('Muebles - Superficie plana con patas');
INSERT INTO categoria (descripcion) VALUES ('Accesorios - Dispositivo para medir el tiempo');
INSERT INTO categoria (descripcion) VALUES ('Muebles - Asiento con respaldo');
INSERT INTO categoria (descripcion) VALUES ('Cubiertos - Utensilio para comer');
INSERT INTO categoria (descripcion) VALUES ('Herramientas - Instrumento para cortar');
INSERT INTO categoria (descripcion) VALUES ('Electrodomésticos - Aparato para circular aire');
 
INSERT INTO palabra_categoria (id_palabra, id_categoria) VALUES (1, 1);
INSERT INTO palabra_categoria (id_palabra, id_categoria) VALUES (2, 2);
INSERT INTO palabra_categoria (id_palabra, id_categoria) VALUES (3, 3);
INSERT INTO palabra_categoria (id_palabra, id_categoria) VALUES (4, 4);
INSERT INTO palabra_categoria (id_palabra, id_categoria) VALUES (5, 5);
INSERT INTO palabra_categoria (id_palabra, id_categoria) VALUES (6, 6);
INSERT INTO palabra_categoria (id_palabra, id_categoria) VALUES (7, 7);
INSERT INTO palabra_categoria (id_palabra, id_categoria) VALUES (8, 8);
INSERT INTO palabra_categoria (id_palabra, id_categoria) VALUES (9, 9);
INSERT INTO palabra_categoria (id_palabra, id_categoria) VALUES (10, 10);
INSERT INTO palabra_categoria (id_palabra, id_categoria) VALUES (11, 11);
INSERT INTO palabra_categoria (id_palabra, id_categoria) VALUES (12, 12);
INSERT INTO palabra_categoria (id_palabra, id_categoria) VALUES (13, 13);
INSERT INTO palabra_categoria (id_palabra, id_categoria) VALUES (14, 14);
INSERT INTO palabra_categoria (id_palabra, id_categoria) VALUES (15, 15);
 
-- 4. USO
INSERT INTO uso (descripcion) VALUES ('Se usa para jugar deportes como fútbol, baloncesto');
INSERT INTO uso (descripcion) VALUES ('Se usa para realizar operaciones matemáticas y cálculos');
INSERT INTO uso (descripcion) VALUES ('Se usa para tomar fotografías y grabar videos');
INSERT INTO uso (descripcion) VALUES ('Se usa para asegurar puertas, cajas o bicicletas');
INSERT INTO uso (descripcion) VALUES ('Se usa para barrer el suelo y limpiar espacios');
INSERT INTO uso (descripcion) VALUES ('Se usan para corregir problemas de visión o proteger del sol');
INSERT INTO uso (descripcion) VALUES ('Se usa para tocar música y crear melodías');
INSERT INTO uso (descripcion) VALUES ('Se usa para iluminar habitaciones y espacios');
INSERT INTO uso (descripcion) VALUES ('Se usa para iluminar en la oscuridad de forma portátil');
INSERT INTO uso (descripcion) VALUES ('Se usa para comer, trabajar, estudiar o reunirse');
INSERT INTO uso (descripcion) VALUES ('Se usa para saber la hora y medir el tiempo');
INSERT INTO uso (descripcion) VALUES ('Se usa para sentarse y descansar');
INSERT INTO uso (descripcion) VALUES ('Se usa para pinchar y comer alimentos');
INSERT INTO uso (descripcion) VALUES ('Se usan para cortar papel, tela u otros materiales');
INSERT INTO uso (descripcion) VALUES ('Se usa para refrescar, circular el aire y enfriar ambientes');
 
INSERT INTO palabra_uso (id_palabra, id_uso) VALUES (1, 1);
INSERT INTO palabra_uso (id_palabra, id_uso) VALUES (2, 2);
INSERT INTO palabra_uso (id_palabra, id_uso) VALUES (3, 3);
INSERT INTO palabra_uso (id_palabra, id_uso) VALUES (4, 4);
INSERT INTO palabra_uso (id_palabra, id_uso) VALUES (5, 5);
INSERT INTO palabra_uso (id_palabra, id_uso) VALUES (6, 6);
INSERT INTO palabra_uso (id_palabra, id_uso) VALUES (7, 7);
INSERT INTO palabra_uso (id_palabra, id_uso) VALUES (8, 8);
INSERT INTO palabra_uso (id_palabra, id_uso) VALUES (9, 9);
INSERT INTO palabra_uso (id_palabra, id_uso) VALUES (10, 10);
INSERT INTO palabra_uso (id_palabra, id_uso) VALUES (11, 11);
INSERT INTO palabra_uso (id_palabra, id_uso) VALUES (12, 12);
INSERT INTO palabra_uso (id_palabra, id_uso) VALUES (13, 13);
INSERT INTO palabra_uso (id_palabra, id_uso) VALUES (14, 14);
INSERT INTO palabra_uso (id_palabra, id_uso) VALUES (15, 15);
 
-- 5. PROPIEDADES
INSERT INTO propiedad (descripcion) VALUES ('Redondo, elástico, puede ser de cuero o plástico');
INSERT INTO propiedad (descripcion) VALUES ('Rectangular, con botones numéricos, tiene pantalla digital');
INSERT INTO propiedad (descripcion) VALUES ('Compacta, con lente, tiene botón de disparo');
INSERT INTO propiedad (descripcion) VALUES ('De metal, con arco, necesita llave para abrir');
INSERT INTO propiedad (descripcion) VALUES ('Tiene cerdas o filamentos, mango largo de madera o plástico');
INSERT INTO propiedad (descripcion) VALUES ('Con dos lentes, tienen patillas, pueden ser graduadas o de sol');
INSERT INTO propiedad (descripcion) VALUES ('De madera, con seis cuerdas, tiene caja de resonancia');
INSERT INTO propiedad (descripcion) VALUES ('Con bombilla, tiene pantalla, base o pie');
INSERT INTO propiedad (descripcion) VALUES ('Portátil, cilíndrica, funciona con baterías o batería recargable');
INSERT INTO propiedad (descripcion) VALUES ('Tiene superficie plana, cuatro patas, puede ser de madera o metal');
INSERT INTO propiedad (descripcion) VALUES ('Circular, tiene manecillas o pantalla digital, puede llevar correa');
INSERT INTO propiedad (descripcion) VALUES ('Con respaldo, asiento, cuatro patas, puede tener reposabrazos');
INSERT INTO propiedad (descripcion) VALUES ('De metal, con púas o dientes, mango largo');
INSERT INTO propiedad (descripcion) VALUES ('Con dos hojas afiladas, tienen anillos para los dedos, articuladas');
INSERT INTO propiedad (descripcion) VALUES ('Con aspas giratorias, motor eléctrico, puede ser de pie o de mesa');
 
INSERT INTO palabra_propiedad (id_palabra, id_propiedad) VALUES (1, 1);
INSERT INTO palabra_propiedad (id_palabra, id_propiedad) VALUES (2, 2);
INSERT INTO palabra_propiedad (id_palabra, id_propiedad) VALUES (3, 3);
INSERT INTO palabra_propiedad (id_palabra, id_propiedad) VALUES (4, 4);
INSERT INTO palabra_propiedad (id_palabra, id_propiedad) VALUES (5, 5);
INSERT INTO palabra_propiedad (id_palabra, id_propiedad) VALUES (6, 6);
INSERT INTO palabra_propiedad (id_palabra, id_propiedad) VALUES (7, 7);
INSERT INTO palabra_propiedad (id_palabra, id_propiedad) VALUES (8, 8);
INSERT INTO palabra_propiedad (id_palabra, id_propiedad) VALUES (9, 9);
INSERT INTO palabra_propiedad (id_palabra, id_propiedad) VALUES (10, 10);
INSERT INTO palabra_propiedad (id_palabra, id_propiedad) VALUES (11, 11);
INSERT INTO palabra_propiedad (id_palabra, id_propiedad) VALUES (12, 12);
INSERT INTO palabra_propiedad (id_palabra, id_propiedad) VALUES (13, 13);
INSERT INTO palabra_propiedad (id_palabra, id_propiedad) VALUES (14, 14);
INSERT INTO palabra_propiedad (id_palabra, id_propiedad) VALUES (15, 15);
 
-- 6. ASOCIACIÓN
INSERT INTO asociacion (descripcion) VALUES ('Fútbol, cancha, jugadores, gol, deporte');
INSERT INTO asociacion (descripcion) VALUES ('Matemáticas, números, estudiante, oficina, cuentas');
INSERT INTO asociacion (descripcion) VALUES ('Fotografía, recuerdos, turismo, selfie, fotógrafo');
INSERT INTO asociacion (descripcion) VALUES ('Seguridad, llave, privacidad, protección, cerradura');
INSERT INTO asociacion (descripcion) VALUES ('Limpieza, suelo, casa, barrer, polvo');
INSERT INTO asociacion (descripcion) VALUES ('Vista, ojos, leer, sol, graduación');
INSERT INTO asociacion (descripcion) VALUES ('Música, concierto, canciones, músico, cuerdas');
INSERT INTO asociacion (descripcion) VALUES ('Luz, habitación, noche, leer, escritorio');
INSERT INTO asociacion (descripcion) VALUES ('Oscuridad, emergencia, camping, exploración, noche');
INSERT INTO asociacion (descripcion) VALUES ('Comedor, trabajo, estudio, familia, superficie');
INSERT INTO asociacion (descripcion) VALUES ('Tiempo, hora, muñeca, puntualidad, alarma');
INSERT INTO asociacion (descripcion) VALUES ('Asiento, descanso, comedor, oficina, mueble');
INSERT INTO asociacion (descripcion) VALUES ('Comer, cocina, cubierto, comida, pinchar');
INSERT INTO asociacion (descripcion) VALUES ('Cortar, papel, manualidades, oficina, costura');
INSERT INTO asociacion (descripcion) VALUES ('Calor, verano, aire, brisa, refrescar, clima');
 
INSERT INTO palabra_asociacion (id_palabra, id_asociacion) VALUES (1, 1);
INSERT INTO palabra_asociacion (id_palabra, id_asociacion) VALUES (2, 2);
INSERT INTO palabra_asociacion (id_palabra, id_asociacion) VALUES (3, 3);
INSERT INTO palabra_asociacion (id_palabra, id_asociacion) VALUES (4, 4);
INSERT INTO palabra_asociacion (id_palabra, id_asociacion) VALUES (5, 5);
INSERT INTO palabra_asociacion (id_palabra, id_asociacion) VALUES (6, 6);
INSERT INTO palabra_asociacion (id_palabra, id_asociacion) VALUES (7, 7);
INSERT INTO palabra_asociacion (id_palabra, id_asociacion) VALUES (8, 8);
INSERT INTO palabra_asociacion (id_palabra, id_asociacion) VALUES (9, 9);
INSERT INTO palabra_asociacion (id_palabra, id_asociacion) VALUES (10, 10);
INSERT INTO palabra_asociacion (id_palabra, id_asociacion) VALUES (11, 11);
INSERT INTO palabra_asociacion (id_palabra, id_asociacion) VALUES (12, 12);
INSERT INTO palabra_asociacion (id_palabra, id_asociacion) VALUES (13, 13);
INSERT INTO palabra_asociacion (id_palabra, id_asociacion) VALUES (14, 14);
INSERT INTO palabra_asociacion (id_palabra, id_asociacion) VALUES (15, 15);
 
-- 7. LOCALIZACIÓN
INSERT INTO localizacion (descripcion) VALUES ('Campo deportivo, gimnasio, parque, patio');
INSERT INTO localizacion (descripcion) VALUES ('Escritorio, oficina, escuela, bolsillo');
INSERT INTO localizacion (descripcion) VALUES ('Bolso, cuello, mano, trípode, estudio fotográfico');
INSERT INTO localizacion (descripcion) VALUES ('Puerta, cajón, bicicleta, mochila, taquilla');
INSERT INTO localizacion (descripcion) VALUES ('Esquina, armario de limpieza, garaje, patio');
INSERT INTO localizacion (descripcion) VALUES ('Cara (nariz), estuche, bolsillo, mesa de noche');
INSERT INTO localizacion (descripcion) VALUES ('Sala, escenario, estuche, pared, estudio musical');
INSERT INTO localizacion (descripcion) VALUES ('Mesa, techo, pared, sala, dormitorio');
INSERT INTO localizacion (descripcion) VALUES ('Cajón, mochila, coche, mesa de noche, kit de emergencia');
INSERT INTO localizacion (descripcion) VALUES ('Comedor, sala, cocina, oficina, jardín');
INSERT INTO localizacion (descripcion) VALUES ('Muñeca, bolsillo, mesa de noche, pared');
INSERT INTO localizacion (descripcion) VALUES ('Comedor, sala, oficina, escritorio, cocina');
INSERT INTO localizacion (descripcion) VALUES ('Cajón de cubiertos, mesa, cocina, restaurante');
INSERT INTO localizacion (descripcion) VALUES ('Escritorio, cajón, estuche, oficina, costurero');
INSERT INTO localizacion (descripcion) VALUES ('Habitación, sala, oficina, suelo, mesa, techo');
 
INSERT INTO palabra_localizacion (id_palabra, id_localizacion) VALUES (1, 1);
INSERT INTO palabra_localizacion (id_palabra, id_localizacion) VALUES (2, 2);
INSERT INTO palabra_localizacion (id_palabra, id_localizacion) VALUES (3, 3);
INSERT INTO palabra_localizacion (id_palabra, id_localizacion) VALUES (4, 4);
INSERT INTO palabra_localizacion (id_palabra, id_localizacion) VALUES (5, 5);
INSERT INTO palabra_localizacion (id_palabra, id_localizacion) VALUES (6, 6);
INSERT INTO palabra_localizacion (id_palabra, id_localizacion) VALUES (7, 7);
INSERT INTO palabra_localizacion (id_palabra, id_localizacion) VALUES (8, 8);
INSERT INTO palabra_localizacion (id_palabra, id_localizacion) VALUES (9, 9);
INSERT INTO palabra_localizacion (id_palabra, id_localizacion) VALUES (10, 10);
INSERT INTO palabra_localizacion (id_palabra, id_localizacion) VALUES (11, 11);
INSERT INTO palabra_localizacion (id_palabra, id_localizacion) VALUES (12, 12);
INSERT INTO palabra_localizacion (id_palabra, id_localizacion) VALUES (13, 13);
INSERT INTO palabra_localizacion (id_palabra, id_localizacion) VALUES (14, 14);
INSERT INTO palabra_localizacion (id_palabra, id_localizacion) VALUES (15, 15);
 
-- 8. ACCIÓN
INSERT INTO accion (descripcion) VALUES ('Patear, lanzar, atrapar, botar, pasar');
INSERT INTO accion (descripcion) VALUES ('Calcular, sumar, restar, multiplicar, dividir, presionar botones');
INSERT INTO accion (descripcion) VALUES ('Fotografiar, enfocar, disparar, grabar, encuadrar');
INSERT INTO accion (descripcion) VALUES ('Cerrar, abrir con llave, asegurar, bloquear, proteger');
INSERT INTO accion (descripcion) VALUES ('Barrer, limpiar, recoger, juntar basura, pasar');
INSERT INTO accion (descripcion) VALUES ('Ponerse, quitarse, limpiar, ajustar, guardar en estuche');
INSERT INTO accion (descripcion) VALUES ('Tocar, rasguear, afinar, sostener, practicar acordes');
INSERT INTO accion (descripcion) VALUES ('Encender, apagar, iluminar, cambiar bombilla, ajustar luz');
INSERT INTO accion (descripcion) VALUES ('Encender, apagar, enfocar, cargar batería, llevar');
INSERT INTO accion (descripcion) VALUES ('Comer sobre ella, trabajar, estudiar, apoyarse, limpiar');
INSERT INTO accion (descripcion) VALUES ('Mirar la hora, ajustar, dar cuerda, ponerse, quitarse');
INSERT INTO accion (descripcion) VALUES ('Sentarse, levantarse, mover, apoyarse, descansar');
INSERT INTO accion (descripcion) VALUES ('Pinchar, comer, sostener, lavar, guardar');
INSERT INTO accion (descripcion) VALUES ('Cortar, abrir, cerrar, sostener, afilar');
INSERT INTO accion (descripcion) VALUES ('Encender, apagar, ajustar velocidad, girar, orientar, ventilar');
 
INSERT INTO palabra_accion (id_palabra, id_accion) VALUES (1, 1);
INSERT INTO palabra_accion (id_palabra, id_accion) VALUES (2, 2);
INSERT INTO palabra_accion (id_palabra, id_accion) VALUES (3, 3);
INSERT INTO palabra_accion (id_palabra, id_accion) VALUES (4, 4);
INSERT INTO palabra_accion (id_palabra, id_accion) VALUES (5, 5);
INSERT INTO palabra_accion (id_palabra, id_accion) VALUES (6, 6);
INSERT INTO palabra_accion (id_palabra, id_accion) VALUES (7, 7);
INSERT INTO palabra_accion (id_palabra, id_accion) VALUES (8, 8);
INSERT INTO palabra_accion (id_palabra, id_accion) VALUES (9, 9);
INSERT INTO palabra_accion (id_palabra, id_accion) VALUES (10, 10);
INSERT INTO palabra_accion (id_palabra, id_accion) VALUES (11, 11);
INSERT INTO palabra_accion (id_palabra, id_accion) VALUES (12, 12);
INSERT INTO palabra_accion (id_palabra, id_accion) VALUES (13, 13);
INSERT INTO palabra_accion (id_palabra, id_accion) VALUES (14, 14);
INSERT INTO palabra_accion (id_palabra, id_accion) VALUES (15, 15);